"lon","lat","latlon","stab.tair.ann","stab.tair.ann.cent","stab.tair.jja","stab.tair.jja.cent","stab.precip.ann","stab.precip.ann.cent","stab.precip.jja","stab.precip.jja.cent"
-72.25,42.75,"lat42.75lon-72.25",2.67930214845223e-05,2.54720194875438e-09,2.01204565548349e-05,3.77000017135108e-09,1.24146838147302e-15,9.18436526176e-20,4.37121875493387e-15,2.74212055980731e-19
-68.75,45.25,"lat45.25lon-68.75",2.88127190311404e-05,2.37224489417036e-09,2.93101171625416e-05,4.25917835014902e-09,8.02383355374928e-16,8.57522987320314e-20,3.20423627740348e-15,1.75818487396779e-19
-89.75,46.25,"lat46.25lon-89.75",4.4734024620945e-05,4.26530423980436e-09,3.7869970756499e-05,4.67684123355849e-09,4.21340117689139e-16,2.8850928028996e-20,2.63463218734663e-15,9.26101167081564e-20
-94.75,46.25,"lat46.25lon-94.75",5.22916039786951e-05,6.25099754452059e-09,4.56254876914653e-05,6.32615698760783e-09,3.72935288633488e-16,1.24505743505926e-20,3.00520729692106e-15,1.87141627048425e-19
-95.25,47.25,"lat47.25lon-95.25",5.68911012453894e-05,7.14200478125996e-09,4.72403036648531e-05,9.21160443074777e-09,4.06928784948149e-16,1.19649530355642e-20,2.98367680688081e-15,1.14234872081237e-19
-82.75,43.75,"lat43.75lon-82.75",2.88126892255637e-05,2.3722543189822e-09,2.93100691540436e-05,4.25922135280462e-09,8.02384559019632e-16,8.57523375404386e-20,3.20422270106981e-15,1.75819803796683e-19
-97.25,37.75,"lat37.75lon-97.25",3.90119255950481e-05,5.72638337705908e-10,7.21952718831194e-05,5.1357674087851e-09,8.96021743985214e-16,6.19836205201857e-20,4.07152915176639e-15,5.67403658638919e-19
-87.25,37.75,"lat37.75lon-87.25",2.49986604058343e-05,1.66481708240438e-09,2.46125635848836e-05,2.56861135315609e-09,1.29829498911379e-15,1.03611185862673e-19,3.45057472335719e-15,1.01996820956747e-19
-77.25,37.75,"lat37.75lon-77.25",2.21691102923237e-05,2.76275245887197e-09,1.12588173891107e-05,3.34729557603732e-09,1.20040002920834e-15,9.96628083387373e-20,4.01051943599784e-15,3.50732287054617e-19
-97.25,47.75,"lat47.75lon-97.25",6.32812647658225e-05,8.04938746348134e-09,4.74456488221304e-05,9.73884121657099e-09,2.91362173818322e-16,2.20990785575068e-20,2.28824838783729e-15,1.54813125206489e-19
-77.25,47.75,"lat47.75lon-77.25",4.05401141955763e-05,2.77217726176854e-09,4.40260118924693e-05,2.47188815140439e-09,4.39420192971863e-16,7.09209557075136e-21,2.67442844637611e-15,4.50263478170657e-20
-67.25,47.75,"lat47.75lon-67.25",2.84971873524842e-05,3.80488365710976e-09,4.18317363550928e-05,6.64911845968637e-09,8.41656806525835e-16,8.9398266868624e-20,3.37972975413175e-15,3.01323887084865e-19
-92.25,42.75,"lat42.75lon-92.25",4.49870283900665e-05,2.268673918279e-09,4.60612261770655e-05,5.93451348954705e-09,5.65431979996943e-16,1.16804084707918e-19,3.76061651267057e-15,5.08985773708972e-19
-82.25,42.75,"lat42.75lon-82.25",3.67809834011602e-05,1.3754731562337e-09,2.51384540844347e-05,1.9399232712733e-09,7.59843029292396e-16,3.58502094519616e-20,1.81290335641544e-15,4.18038005641009e-20
-92.25,37.75,"lat37.75lon-92.25",2.86588718481199e-05,4.71929367963796e-10,4.00234933591757e-05,2.57057582472647e-09,1.03632129026125e-15,4.82829471718423e-20,3.19729192137465e-15,2.76393336478011e-19
-82.25,37.75,"lat37.75lon-82.25",2.48505272495847e-05,2.88139635074281e-09,1.72668474140454e-05,3.2507283546736e-09,7.0498319163478e-16,7.67235931137649e-20,1.96876200458139e-15,1.99171354786355e-19
-97.25,42.75,"lat42.75lon-97.25",5.63189098198564e-05,3.07718949443185e-09,5.94347617257812e-05,7.16085030295304e-09,3.42656546690854e-16,8.95715932178554e-20,2.07995623375858e-15,3.63319046167352e-19
-77.25,42.75,"lat42.75lon-77.25",2.67928124229166e-05,2.54728179073832e-09,2.01202532249845e-05,3.77009988864603e-09,1.2414652321764e-15,9.18436624377778e-20,4.3712275931827e-15,2.74208632677192e-19
-92.25,47.75,"lat47.75lon-92.25",2.88126892255637e-05,2.3722543189822e-09,2.93100691540436e-05,4.25922135280462e-09,8.02384559019632e-16,8.57523375404386e-20,3.20422270106981e-15,1.75819803796683e-19
-82.25,47.75,"lat47.75lon-82.25",4.47337134681213e-05,4.26527315899601e-09,3.7869759504081e-05,4.6768388772799e-09,4.21340943057533e-16,2.88507645531869e-20,2.63459997331901e-15,9.25940522729622e-20
-72.25,47.75,"lat47.75lon-72.25",2.67928124229166e-05,2.54728179073832e-09,2.01202532249845e-05,3.77009988864603e-09,1.2414652321764e-15,9.18436624377778e-20,4.3712275931827e-15,2.74208632677192e-19
-99.75,35.25,"lat35.25lon-99.75",2.88126892255637e-05,2.3722543189822e-09,2.93100691540436e-05,4.25922135280462e-09,8.02384559019632e-16,8.57523375404386e-20,3.20422270106981e-15,1.75819803796683e-19
-94.75,35.25,"lat35.25lon-94.75",4.47337134681213e-05,4.26527315899601e-09,3.7869759504081e-05,4.6768388772799e-09,4.21340943057533e-16,2.88507645531869e-20,2.63459997331901e-15,9.25940522729622e-20
-89.75,35.25,"lat35.25lon-89.75",2.67928124229166e-05,2.54728179073832e-09,2.01202532249845e-05,3.77009988864603e-09,1.2414652321764e-15,9.18436624377778e-20,4.3712275931827e-15,2.74208632677192e-19
-84.75,35.25,"lat35.25lon-84.75",2.88126892255637e-05,2.3722543189822e-09,2.93100691540436e-05,4.25922135280462e-09,8.02384559019632e-16,8.57523375404386e-20,3.20422270106981e-15,1.75819803796683e-19
-79.75,35.25,"lat35.25lon-79.75",4.47337134681213e-05,4.26527315899601e-09,3.7869759504081e-05,4.6768388772799e-09,4.21340943057533e-16,2.88507645531869e-20,2.63459997331901e-15,9.25940522729622e-20
-99.75,40.25,"lat40.25lon-99.75",4.40061022680302e-05,2.73306886220769e-09,6.12528247303723e-05,1.0814308631843e-08,4.02254840583111e-16,1.56609965133405e-19,2.12022666184671e-15,6.16234852100338e-19
-94.75,40.25,"lat40.25lon-94.75",4.4462029933068e-05,1.67738681351905e-09,5.52459974913297e-05,7.49606740357152e-09,7.35821684941303e-16,1.26124147400253e-19,4.22115074371021e-15,8.93378673985455e-19
-89.75,40.25,"lat40.25lon-89.75",3.9358025492306e-05,1.37333116070973e-09,4.49992704659711e-05,5.47907787474327e-09,8.04427482227823e-16,9.65796606337852e-20,3.56696656119114e-15,7.09279006277772e-19
-84.75,40.25,"lat40.25lon-84.75",3.12296317777266e-05,8.99104758180846e-10,2.72155670001782e-05,2.52664078273171e-09,6.26208168067529e-16,8.87689948692199e-20,2.37436669409249e-15,2.57597214503369e-19
-79.75,40.25,"lat40.25lon-79.75",2.95855507070112e-05,1.71190429469827e-09,2.16678148254441e-05,2.53806835165396e-09,8.03995778983222e-16,7.26722941066561e-20,3.34917477190494e-15,7.11348489105829e-20
-74.75,40.25,"lat40.25lon-74.75",2.47333581434069e-05,2.14190877807504e-09,1.75159362366102e-05,2.63297496814227e-09,1.65144210582728e-15,1.40811262060792e-19,4.96050407473828e-15,3.78290241711429e-19
-99.75,45.25,"lat45.25lon-99.75",6.37206280266651e-05,5.71793475879091e-09,5.53615374019908e-05,7.50877392054517e-09,2.64462724376835e-16,3.83025232000224e-20,1.5058080344398e-15,1.58663145375515e-19
-94.75,45.25,"lat45.25lon-94.75",5.36708465388273e-05,6.66378690249961e-09,4.72579144280001e-05,6.71030541741313e-09,4.24943539402642e-16,2.72004869623714e-20,3.16912631829325e-15,2.60947803041562e-19
-89.75,45.25,"lat45.25lon-89.75",4.25726257454471e-05,3.47131404608664e-09,3.6981303727872e-05,4.68103790523603e-09,4.9770172872964e-16,4.28134419813742e-20,3.18308730511769e-15,5.59270235069143e-20
-84.75,45.25,"lat45.25lon-84.75",NA,NA,NA,NA,NA,NA,NA,NA
-79.75,45.25,"lat45.25lon-79.75",3.80040373348304e-05,2.14301065285294e-09,2.97865136909723e-05,3.294821850417e-09,4.74979206496645e-16,1.11375399689912e-20,2.19843469959668e-15,1.29202758711587e-19
-74.75,45.25,"lat45.25lon-74.75",3.49304977783897e-05,3.03319115872599e-09,2.77082391119862e-05,5.71624783453169e-09,8.14587898235352e-16,1.1449083401176e-20,3.09108358585329e-15,1.6474199696568e-19
-69.75,45.25,"lat45.25lon-69.75",NA,NA,NA,NA,NA,NA,NA,NA
-64.75,45.25,"lat45.25lon-64.75",2.50127245872263e-05,1.85909647301987e-09,3.43059828287415e-05,4.33768991484359e-09,6.69058966081058e-16,4.82658856207732e-20,1.78642968393804e-15,5.71775777081125e-20
-97.25,35.25,"lat35.25lon-97.25",3.11117549416883e-05,1.0322452636338e-09,7.47831828661315e-05,3.07441328067933e-09,1.07245371725944e-15,6.46274932581646e-20,3.25189435859346e-15,9.98446291577676e-20
-92.25,35.25,"lat35.25lon-92.25",2.18816110570666e-05,1.84329378613035e-09,3.1027323990486e-05,6.73968386949668e-09,1.7513404828129e-15,1.07727925885432e-19,2.99081110149267e-15,1.01138453156749e-19
-87.25,35.25,"lat35.25lon-87.25",2.13357757968347e-05,3.64423796540967e-09,1.62626121024632e-05,5.26831671729246e-09,1.66000716701769e-15,1.05676584013007e-19,2.77622517613699e-15,2.04914265653709e-19
-82.25,35.25,"lat35.25lon-82.25",2.10647941058689e-05,4.32467154371065e-09,1.29462777541485e-05,4.6204280961753e-09,1.41014579547435e-15,1.11870635969988e-19,3.15280699102157e-15,1.77454701738802e-19
-77.25,35.25,"lat35.25lon-77.25",2.2729624643034e-05,3.63499499467635e-09,1.36771171992386e-05,3.81097749713201e-09,1.32894755711174e-15,7.7987823758884e-20,4.89554397778233e-15,1.73306907483435e-19
-99.75,37.75,"lat37.75lon-99.75",3.96893559533255e-05,1.02076516366231e-09,7.83339408187683e-05,6.74695555526644e-09,3.41861296530377e-16,4.32409778866459e-20,2.14922993461828e-15,1.82533022531289e-19
-94.75,37.75,"lat37.75lon-94.75",3.31679035194412e-05,4.31893101012214e-10,5.73864332083593e-05,3.45572359995636e-09,1.15402844281101e-15,1.3639751183094e-19,4.7396429904446e-15,6.79408330338155e-19
-89.75,37.75,"lat37.75lon-89.75",2.9137363441955e-05,8.07899100814955e-10,3.64094396729705e-05,3.83167661120917e-09,1.12859589378397e-15,8.56173196243658e-20,2.91667125682505e-15,1.20956380959213e-19
-84.75,37.75,"lat37.75lon-84.75",2.45731531062566e-05,2.3105359221345e-09,2.06100437162082e-05,2.48269121696342e-09,9.45462854154897e-16,1.11164290491425e-19,2.58104701017769e-15,9.1899927110948e-20
-79.75,37.75,"lat37.75lon-79.75",2.34378234674389e-05,3.12084662565335e-09,1.60201876659971e-05,4.09546136870242e-09,1.01712896145568e-15,8.02984113459487e-20,2.82675910982273e-15,3.13444796873205e-19
-97.25,40.25,"lat40.25lon-97.25",4.64272600755759e-05,2.29003078545075e-09,6.20186074688751e-05,9.64908501864703e-09,5.47046561603209e-16,1.34539868834063e-19,2.62471513058815e-15,5.92070652564041e-19
-92.25,40.25,"lat40.25lon-92.25",4.24984896683894e-05,1.38252193234644e-09,5.00683496698023e-05,5.54308394764749e-09,7.80905508697553e-16,1.11309950378282e-19,3.95176625198802e-15,7.46945383064837e-19
-87.25,40.25,"lat40.25lon-87.25",3.40299144041496e-05,5.38855067640168e-10,3.24891133837122e-05,2.95507689943332e-09,7.79543093333332e-16,8.47806135852428e-20,3.44810402257734e-15,4.30771889694595e-19
-82.25,40.25,"lat40.25lon-82.25",3.00159366988649e-05,1.13590118809052e-09,2.46448873590078e-05,1.78282223543616e-09,5.81463873621555e-16,1.04075440390927e-19,1.99059028193827e-15,1.59023448093879e-19
-77.25,40.25,"lat40.25lon-77.25",2.73293227188818e-05,1.94856113654122e-09,1.88987584454121e-05,2.84744828590344e-09,8.20253183821004e-16,5.35636789002175e-20,3.17608284060561e-15,1.30052151741608e-19
-99.75,42.75,"lat42.75lon-99.75",5.29750756822945e-05,3.46623361164574e-09,5.9985230658939e-05,9.95244809405549e-09,2.74507135779261e-16,6.03659233909264e-20,1.37858588632921e-15,3.18355167079861e-19
-94.75,42.75,"lat42.75lon-94.75",5.43652881437808e-05,2.98648440368604e-09,5.57873206292123e-05,6.02559880643275e-09,5.68038597898418e-16,9.63593030343199e-20,4.03555275873269e-15,6.18324197099845e-19
-89.75,42.75,"lat42.75lon-89.75",4.70540261928616e-05,1.69489491839998e-09,4.52032306360122e-05,4.56804482477876e-09,5.71305580917057e-16,9.35063934149968e-20,3.47353572187778e-15,5.64344851592702e-19
-84.75,42.75,"lat42.75lon-84.75",3.77530733257329e-05,1.09260971484729e-09,3.20682641228123e-05,2.722848471305e-09,4.2154786441052e-16,2.98913938569768e-20,1.78100299200022e-15,1.38450329827959e-19
-74.75,42.75,"lat42.75lon-74.75",3.05355931518325e-05,1.87391772747699e-09,2.04607363111039e-05,2.63354197514048e-09,9.37147124659847e-16,5.74344878240905e-20,3.47602007355287e-15,2.20087564855168e-19
-97.25,45.25,"lat45.25lon-97.25",6.42594857780233e-05,6.26625800339837e-09,5.69449421035373e-05,6.02105647468429e-09,2.84119736640283e-16,3.87276318802973e-20,2.02155988657211e-15,2.17770127907023e-19
-92.25,45.25,"lat45.25lon-92.25",4.72390248971217e-05,4.5713552776169e-09,4.20634633544947e-05,5.37464604922056e-09,4.8585589457773e-16,2.90294178380015e-20,3.51913194179112e-15,1.08196194849927e-19
-77.25,45.25,"lat45.25lon-77.25",3.63549236771698e-05,2.23997388805956e-09,2.85598190314188e-05,3.36469680503756e-09,5.41738442889702e-16,5.8642380441333e-21,2.13015429442351e-15,1.64943880286583e-19
-72.25,45.25,"lat45.25lon-72.25",3.23792057244399e-05,2.40326103465826e-09,2.73926760872236e-05,4.83394480744097e-09,9.30330884033601e-16,2.88430833329146e-20,3.29531509187822e-15,2.34218836333486e-19
-67.25,45.25,"lat45.25lon-67.25",2.84188623481011e-05,1.56751839922359e-09,3.11304632821016e-05,4.2553251328856e-09,9.29599937088277e-16,6.19155143629159e-20,2.75666933912785e-15,1.01946320002847e-19
-99.75,47.75,"lat47.75lon-99.75",7.06784523701206e-05,8.61723250293418e-09,5.286436081916e-05,1.12207633371991e-08,3.0191101848264e-16,3.71691243486712e-20,2.33677067880773e-15,1.96967760028761e-19
-94.75,47.75,"lat47.75lon-94.75",5.19507094637161e-05,7.05775500275461e-09,4.40551791618557e-05,7.72984245680691e-09,3.85053113382659e-16,1.57335700076592e-20,2.89789294423227e-15,1.55020078359625e-19
-84.75,47.75,"lat47.75lon-84.75",4.34894221234164e-05,3.73785216517643e-09,4.17423968796783e-05,2.6793209154229e-09,5.02030480265275e-16,2.12840003181987e-20,1.82191190124978e-15,8.92962154444684e-20
-79.75,47.75,"lat47.75lon-79.75",4.30344251024009e-05,2.62528000377904e-09,4.52440923865305e-05,2.06698575416988e-09,4.57721742436899e-16,1.41660820296267e-20,2.80386005864218e-15,7.23132349954944e-20
-74.75,47.75,"lat47.75lon-74.75",3.67509630954102e-05,3.51743680006415e-09,3.92693513787857e-05,3.26063823938230e-09,5.0459029653837e-16,2.3538421070653e-20,2.4744267304383e-15,1.85939356515121e-19
-69.75,47.75,"lat47.75lon-69.75",NA,NA,NA,NA,NA,NA,NA,NA
-98.25,36.75,"lat36.75lon-98.25",3.82521432406038e-05,5.3272560234323e-10,8.23684620276911e-05,3.03809124648316e-09,5.91753525352574e-16,3.02339524616792e-20,2.86510725970045e-15,1.51107957335334e-19
-96.75,36.75,"lat36.75lon-96.75",3.67927254703575e-05,5.13182609516135e-10,8.16151023080945e-05,2.94892394745292e-09,1.1521417687587e-15,5.86522346571075e-20,4.80467415784097e-15,3.73595922705756e-19
-95.25,36.75,"lat36.75lon-95.25",3.3762758457352e-05,5.39290858800211e-10,7.23354898920635e-05,3.55854018110421e-09,1.34353163028472e-15,8.19376394961528e-20,4.8150292945226e-15,4.12204589565826e-19
-93.75,36.75,"lat36.75lon-93.75",3.05999195008147e-05,7.43917132348021e-10,5.73167900268961e-05,3.8037389151319e-09,1.26721920767437e-15,7.71548108073202e-20,3.6606100273507e-15,3.24830378137732e-19
-90.75,36.75,"lat36.75lon-90.75",2.49805138932883e-05,9.99261853590713e-10,3.3299634839135e-05,3.09280342949051e-09,1.42231829060416e-15,9.56146105640523e-20,3.27112579125873e-15,1.42828489025094e-19
-89.25,36.75,"lat36.75lon-89.25",2.46967665639881e-05,1.35749213149625e-09,2.81936789783701e-05,3.25062324107236e-09,1.61101357329571e-15,1.44312037609645e-19,3.26437347619859e-15,1.03959866677927e-19
-87.75,36.75,"lat36.75lon-87.75",2.39209427214602e-05,2.00102877723389e-09,2.57555926152215e-05,3.37431849051074e-09,1.589458669621e-15,1.3520846683223e-19,3.10825271454512e-15,6.35505719386931e-20
-86.25,36.75,"lat36.75lon-86.25",2.33056020100418e-05,2.24942292472359e-09,2.27935138743474e-05,2.9256112108812e-09,1.53456558351199e-15,1.39773146558055e-19,3.69747773125173e-15,1.19312683877884e-19
-83.25,36.75,"lat36.75lon-83.25",2.38832593931786e-05,3.03403631613941e-09,1.58494488538098e-05,3.67020632715977e-09,8.58552335417035e-16,7.22548070546661e-20,2.00366876423492e-15,1.36084973656198e-19
-81.75,36.75,"lat36.75lon-81.75",2.26333374473137e-05,3.06533096266253e-09,1.49958050920214e-05,3.44662933213345e-09,7.87877904206086e-16,1.07366450854988e-19,1.98451107347857e-15,2.63175996378597e-19
-80.25,36.75,"lat36.75lon-80.25",2.2193476151616e-05,3.32343378205926e-09,1.45248890184126e-05,3.66366599162428e-09,8.24401237639211e-16,8.99601324565917e-20,1.97575352513456e-15,2.48423629033766e-19
-78.75,36.75,"lat36.75lon-78.75",2.20982396428644e-05,3.31125393660957e-09,1.47692442395424e-05,3.75613532466746e-09,1.10783194142065e-15,7.27990808742624e-20,2.94025547777425e-15,1.65792323420528e-19
-98.25,38.25,"lat38.25lon-98.25",4.12966968472265e-05,2.13312338097605e-09,7.1821097913845e-05,9.36520533783279e-09,5.46166819862097e-16,8.09207954949512e-20,3.07582607370347e-15,4.53537584812175e-19
-96.75,38.25,"lat38.25lon-96.75",4.1395321003675e-05,1.28593416312392e-09,6.87773157840243e-05,8.05233089176982e-09,9.19644372060732e-16,8.58150393706548e-20,3.98175353030736e-15,8.77981488924803e-19
-95.25,38.25,"lat38.25lon-95.25",3.93374731507245e-05,9.16571774951555e-10,6.57444642105078e-05,7.45703308723101e-09,1.14137565316269e-15,9.85812961499284e-20,4.56089593148845e-15,9.50455853298794e-19
-93.75,38.25,"lat38.25lon-93.75",3.67978077498061e-05,6.65595902090314e-10,6.05078872025375e-05,4.50248693425244e-09,1.04583699262333e-15,9.09203766087035e-20,3.80502269106955e-15,5.78670458811909e-19
-90.75,38.25,"lat38.25lon-90.75",3.33964965628128e-05,7.87627256824976e-10,4.71786604478438e-05,5.27267954503603e-09,8.69883549915342e-16,5.63078648052294e-20,2.75510469435062e-15,1.72019022196705e-19
-89.25,38.25,"lat38.25lon-89.25",3.33518828925474e-05,6.65848694764502e-10,4.23095364419898e-05,4.15008070083109e-09,9.94381688331608e-16,6.950651715578e-20,2.90156095101659e-15,1.29378954482031e-19
-87.75,38.25,"lat38.25lon-87.75",3.0386123791022e-05,9.5936310878573e-10,3.56044149005764e-05,4.43052521558924e-09,1.12427936683032e-15,9.13466434833542e-20,3.37294264473023e-15,1.24334243764964e-19
-86.25,38.25,"lat38.25lon-86.25",2.74841338462846e-05,1.05360843300481e-09,2.76437743849266e-05,2.50650877051774e-09,1.04233847716383e-15,8.71495538240663e-20,2.78902046264203e-15,1.19835627830262e-19
-83.25,38.25,"lat38.25lon-83.25",2.56057288455922e-05,2.09622669975232e-09,2.05182122811914e-05,3.02675798781915e-09,7.12181823530262e-16,9.12818483562163e-20,2.16750822514705e-15,2.74403838053967e-19
-81.75,38.25,"lat38.25lon-81.75",2.6562523101696e-05,2.52910660602473e-09,1.95223773392662e-05,3.18130459064143e-09,7.05935414420389e-16,6.27599276869131e-20,2.10770530723545e-15,2.61331775361001e-19
-80.25,38.25,"lat38.25lon-80.25",2.61373136819433e-05,2.50199434032657e-09,1.85253248522906e-05,3.1567408297056e-09,9.99432129569608e-16,5.01205784222396e-20,3.13647978076337e-15,2.65378155391943e-19
-78.75,38.25,"lat38.25lon-78.75",2.5070328407503e-05,2.48418119726121e-09,1.76416130270964e-05,3.37213996592202e-09,8.29734174662096e-16,4.8707369283088e-20,2.07733805694847e-15,1.60309892436454e-19
-75.75,38.25,"lat38.25lon-75.75",2.24187280021924e-05,2.64711550728957e-09,1.17586464067207e-05,2.960137345043e-09,1.12261561725882e-15,7.83703268145779e-20,3.90536261507935e-15,2.53977547388484e-19
-98.25,39.75,"lat39.75lon-98.25",4.30789553812114e-05,2.80068652887761e-09,6.3571826606158e-05,1.0886501385092e-08,5.57241046251995e-16,1.11980023051524e-19,2.53974656453777e-15,4.70266742277683e-19
-96.75,39.75,"lat39.75lon-96.75",4.32384766569053e-05,2.11358062557338e-09,6.54193400602871e-05,1.04375588417952e-08,6.69662852546074e-16,8.40446914212025e-20,3.12832267325608e-15,5.91416350894622e-19
-95.25,39.75,"lat39.75lon-95.25",4.19350514067612e-05,1.54131214044532e-09,6.18250568535117e-05,8.31008267145745e-09,9.09455029673859e-16,9.75439476143794e-20,4.83736460372488e-15,1.00351189954815e-18
-93.75,39.75,"lat39.75lon-93.75",4.05650707432926e-05,1.12645160545568e-09,5.7894703664402e-05,6.80299749209075e-09,8.97471265302836e-16,7.65288630677759e-20,4.01007356531483e-15,6.28279250419182e-19
-90.75,39.75,"lat39.75lon-90.75",3.7986933977218e-05,1.12556832433145e-09,4.9529234534232e-05,6.01908977036658e-09,9.02977951918677e-16,6.74885546942857e-20,3.9479352986336e-15,4.14512141859097e-19
-89.25,39.75,"lat39.75lon-89.25",3.58285935425728e-05,1.43280733529879e-09,4.40829431537012e-05,6.72402444761533e-09,7.92477310325196e-16,7.42934237390225e-20,3.30890902407783e-15,3.40960447655986e-19
-87.75,39.75,"lat39.75lon-87.75",3.36886814189162e-05,6.48814512894032e-10,3.9065840637745e-05,4.41406519843443e-09,8.26587326091103e-16,7.75074037960017e-20,3.32497883711676e-15,2.7461201642681e-19
-86.25,39.75,"lat39.75lon-86.25",3.04320713734881e-05,5.75276441545872e-10,2.97948282751803e-05,3.12642504220081e-09,7.7976720109746e-16,8.92781248531205e-20,3.03954477714023e-15,1.65897917822228e-19
-83.25,39.75,"lat39.75lon-83.25",2.78566323590658e-05,1.31253751850203e-09,2.38173134471548e-05,2.96847304738082e-09,6.45875034759286e-16,9.64180456920453e-20,2.58992030906781e-15,2.66685993280564e-19
-81.75,39.75,"lat39.75lon-81.75",2.80301607024822e-05,1.8280464497581e-09,2.21308135446699e-05,2.97132649672317e-09,6.00286882410756e-16,8.75107865759178e-20,1.95427543016355e-15,1.77790355823434e-19
-80.25,39.75,"lat39.75lon-80.25",2.79993963987431e-05,2.11668749363691e-09,2.09032978229474e-05,2.90150321889663e-09,7.12537093587098e-16,4.90536191196783e-20,2.55111789459665e-15,1.43062089761402e-19
-78.75,39.75,"lat39.75lon-78.75",2.71140494513568e-05,2.05860916034155e-09,1.97541200143772e-05,3.08904837750083e-09,8.052854917389e-16,2.47060017293797e-20,2.5520237669349e-15,1.64179323265283e-19
-75.75,39.75,"lat39.75lon-75.75",2.54178175516317e-05,2.3301542350628e-09,1.7225882448166e-05,2.39511836873496e-09,1.36842357239281e-15,1.28606991643403e-19,4.794021139206e-15,3.38161522997103e-19
-98.25,41.25,"lat41.25lon-98.25",5.14268132481517e-05,2.58386034313881e-09,6.04994986128073e-05,8.8173896262247e-09,3.94355767118518e-16,1.54034669196372e-19,2.3137838655737e-15,6.62875680784843e-19
-96.75,41.25,"lat41.25lon-96.75",5.13411165217599e-05,1.96811566089445e-09,6.02475279065718e-05,7.31550458210561e-09,4.78457909874987e-16,1.8684372546093e-19,2.55066579878016e-15,6.87233718239713e-19
-95.25,41.25,"lat41.25lon-95.25",5.13494511746441e-05,1.93751239791491e-09,5.74802469944251e-05,6.66768462420187e-09,6.21759363722689e-16,1.7929176988194e-19,3.72058954899951e-15,9.51265139027737e-19
-93.75,41.25,"lat41.25lon-93.75",4.90887306512168e-05,2.28587112451198e-09,5.43848458411813e-05,6.59659279694566e-09,6.81598796324234e-16,1.72908960936953e-19,4.04182803047588e-15,8.92467419248821e-19
-90.75,41.25,"lat41.25lon-90.75",4.39152900352766e-05,1.45546432829099e-09,4.69798260804669e-05,6.55752211219296e-09,7.8730274607385e-16,1.20607211525123e-19,4.32220869308753e-15,8.00565783827849e-19
-89.25,41.25,"lat41.25lon-89.25",4.28441018175641e-05,1.36744749255461e-09,4.68195953955108e-05,5.47504520879302e-09,7.62869741899603e-16,9.24970377510137e-20,4.06226652011957e-15,8.32557253668201e-19
-87.75,41.25,"lat41.25lon-87.75",NA,NA,NA,NA,NA,NA,NA,NA
-86.25,41.25,"lat41.25lon-86.25",3.73168585800098e-05,9.32392702436499e-10,3.24161651056508e-05,2.84933511942734e-09,8.06194956080439e-16,9.62974269891954e-20,3.19848281825979e-15,5.66494273373279e-19
-83.25,41.25,"lat41.25lon-83.25",NA,NA,NA,NA,NA,NA,NA,NA
-81.75,41.25,"lat41.25lon-81.75",3.50138064722297e-05,1.57102659793796e-09,2.20114438647838e-05,1.92228983958302e-09,5.72246330255965e-16,7.01104067492906e-20,2.34706839124401e-15,9.48661949655019e-20
-80.25,41.25,"lat41.25lon-80.25",3.34975067548271e-05,1.6091577135026e-09,2.28474594508152e-05,2.22520990333096e-09,7.09598591926761e-16,7.92088977832109e-20,2.57768805799423e-15,9.50099462143536e-20
-78.75,41.25,"lat41.25lon-78.75",3.18688489367732e-05,1.70803235181263e-09,2.28838497829033e-05,2.50850044996566e-09,6.1997709808594e-16,6.45170480295096e-20,2.8343803655107e-15,7.85808252619791e-20
-75.75,41.25,"lat41.25lon-75.75",2.89356043202016e-05,1.84861561874029e-09,1.95796061693856e-05,2.78991253073373e-09,8.68179908509639e-16,4.15383553965734e-20,3.27053572290847e-15,1.79854507097834e-19
-74.25,41.25,"lat41.25lon-74.25",2.79225405954711e-05,2.34609841567977e-09,1.89171470996779e-05,3.00183963763716e-09,1.02266075777055e-15,1.001073372655e-19,3.55592289247017e-15,3.59038398085701e-19
-98.25,44.25,"lat44.25lon-98.25",6.11560769439506e-05,5.06672916802106e-09,5.83531876387188e-05,5.54327788407853e-09,2.80397312920976e-16,5.54430838440018e-20,2.04238188217603e-15,3.74120580431503e-19
-96.75,44.25,"lat44.25lon-96.75",6.20020090030536e-05,5.81578826667137e-09,5.69709287782903e-05,5.32716585302264e-09,3.41862305030546e-16,5.96116675503318e-20,2.46537588851508e-15,3.48118518991023e-19
-95.25,44.25,"lat44.25lon-95.25",6.21755994638388e-05,7.36363942195141e-09,5.42704542072387e-05,5.44663689503219e-09,4.3455955078357e-16,6.41482793414948e-20,3.16954421502268e-15,4.51891767305758e-19
-93.75,44.25,"lat44.25lon-93.75",5.32470916887354e-05,5.53712259488781e-09,4.83312768841556e-05,5.65192378910463e-09,4.91988478100714e-16,6.5258470916885e-20,3.3874464828539e-15,3.28281093456023e-19
-90.75,44.25,"lat44.25lon-90.75",4.51393251125936e-05,3.82264868634122e-09,4.04746773365688e-05,4.39305325416005e-09,6.32351573932044e-16,6.81297880537976e-20,4.07104089757646e-15,2.08791012772817e-19
-89.25,44.25,"lat44.25lon-89.25",4.37943510356699e-05,2.73326995564175e-09,3.9063599570109e-05,3.55356894404355e-09,5.44418463583946e-16,6.3595778492553e-20,3.20118656288976e-15,2.42342329309807e-19
-87.75,44.25,"lat44.25lon-87.75",NA,NA,NA,NA,NA,NA,NA,NA
-86.25,44.25,"lat44.25lon-86.25",4.78941293943757e-05,2.37342644288643e-09,2.76445276945012e-05,2.71656072724654e-09,5.20456839341107e-16,2.16791504115793e-20,2.70796030791288e-15,3.57015703948887e-20
-80.25,44.25,"lat44.25lon-80.25",4.15020040498896e-05,1.96932789774129e-09,2.57814995878739e-05,3.24432796528075e-09,7.56705999797166e-16,6.61727338600487e-20,1.86491337508049e-15,1.92361589937808e-19
-75.75,44.25,"lat44.25lon-75.75",3.52131620211365e-05,2.97879975111743e-09,2.48649200543936e-05,4.91391591858222e-09,5.58452918352864e-16,9.64855836023775e-21,2.19287262879729e-15,1.18456280928034e-19
-74.25,44.25,"lat44.25lon-74.25",3.41379942358637e-05,1.68050035014059e-09,2.54924913763017e-05,3.97094018189444e-09,6.77439952876723e-16,1.64163329357025e-20,2.77064992341879e-15,1.72995202601158e-19
-72.75,44.25,"lat44.25lon-72.75",3.26495011744257e-05,2.15497131056795e-09,2.44943861007369e-05,3.66735327136131e-09,9.35860214042033e-16,3.74755718131743e-20,4.08352801718977e-15,3.95832719785294e-19
-71.25,44.25,"lat44.25lon-71.25",3.06497622624903e-05,2.09623695143059e-09,2.50251959386685e-05,3.89762519200419e-09,1.02467730154434e-15,4.74538818581815e-20,4.76390172920486e-15,1.23265188863907e-19
-65.25,44.25,"lat44.25lon-65.25",2.4159613286377e-05,1.64037487415565e-09,2.66877015085881e-05,3.45007055805869e-09,8.99211152178102e-16,4.91486911067671e-20,2.44620120058514e-15,7.37058315928291e-20
-98.25,45.75,"lat45.75lon-98.25",6.69183547235177e-05,6.45664204574377e-09,5.69155574879857e-05,8.3837205098003e-09,2.73979536711288e-16,3.63346812191872e-20,1.71491464205104e-15,1.37474924024198e-19
-96.75,45.75,"lat45.75lon-96.75",6.23400085762018e-05,7.17930433885418e-09,5.39807532109971e-05,8.01504936196241e-09,3.78712655533653e-16,2.86360023513125e-20,2.56877333891042e-15,1.84702222588692e-19
-95.25,45.75,"lat45.75lon-95.25",5.69852150950249e-05,6.41910506412047e-09,4.91901690549859e-05,6.35574234240362e-09,4.70277445149515e-16,2.2917421210099e-20,3.22162324450129e-15,2.78885048480379e-19
-93.75,45.75,"lat45.75lon-93.75",5.23146752149587e-05,6.24851217220994e-09,4.56274165930382e-05,6.32324490594522e-09,4.49254737569772e-16,1.39584526847961e-20,3.42073590581923e-15,2.16330564295074e-19
-90.75,45.75,"lat45.75lon-90.75",4.4892774298047e-05,4.60050751793046e-09,3.45332402755092e-05,4.22453800702566e-09,4.52944154005436e-16,3.30135882455057e-20,3.18093546265078e-15,1.7207521763621e-19
-89.25,45.75,"lat45.75lon-89.25",4.47346254804083e-05,4.26536003227789e-09,3.78704667715355e-05,4.67673753264054e-09,4.60534583901483e-16,3.30905300794471e-20,2.56820476498637e-15,9.94098062296424e-20
-87.75,45.75,"lat45.75lon-87.75",4.55938457200158e-05,3.94148235652548e-09,3.2859476817006e-05,3.94382441138738e-09,4.95499662754448e-16,5.94348052684079e-20,2.40150806504246e-15,1.6120994863601e-19
-78.75,45.75,"lat45.75lon-78.75",3.92690284385892e-05,2.27244208814213e-09,3.39593378497339e-05,3.26115243551074e-09,4.58261819088595e-16,1.05923554847571e-20,2.29250870799452e-15,9.96168403366244e-20
-75.75,45.75,"lat45.75lon-75.75",3.5389347082966e-05,2.7259509012743e-09,3.08599290805744e-05,3.57723552744924e-09,7.31683213720533e-16,7.13493149961288e-21,2.64975860238665e-15,3.73228809749645e-19
-74.25,45.75,"lat45.75lon-74.25",3.4522827160645e-05,3.04360545546905e-09,3.03556437634139e-05,3.87128153514227e-09,5.21342713377282e-16,5.73755905093979e-21,2.18468772890477e-15,2.57436572299047e-19
-72.75,45.75,"lat45.75lon-72.75",3.4169014596787e-05,2.99257093937916e-09,2.97858125936758e-05,4.74925960945016e-09,8.4096693724324e-16,1.29084229920804e-20,3.23882436597836e-15,3.05551785103497e-19
-71.25,45.75,"lat45.75lon-71.25",3.32030226422736e-05,2.80966126783903e-09,3.00493567061403e-05,4.83284083069394e-09,7.62115124573142e-16,2.13954821517494e-20,3.04875126555921e-15,2.2452387609071e-19
-68.25,45.75,"lat45.75lon-68.25",2.96275750677569e-05,2.40480435224532e-09,3.45712026345057e-05,5.0325399156346e-09,8.07602899815163e-16,1.14988451545717e-19,3.11541183345313e-15,1.74855762301655e-19
-66.75,45.75,"lat45.75lon-66.75",2.85170466591994e-05,1.97200506461274e-09,3.60939361314775e-05,5.16115286372553e-09,8.67728066630968e-16,9.84596965180462e-20,2.41437329301738e-15,6.39301245038565e-20
-63.75,45.75,"lat45.75lon-63.75",2.49286313206261e-05,3.20249487112524e-09,3.78309418461297e-05,6.89120662125089e-09,1.06416598589991e-15,7.28233610161263e-20,3.22293734567152e-15,7.79957095147613e-20
-62.25,45.75,"lat45.75lon-62.25",NA,NA,NA,NA,NA,NA,NA,NA
-98.25,47.25,"lat47.25lon-98.25",6.86799845066224e-05,7.69760583616718e-09,5.61941109850888e-05,1.00369937742551e-08,2.64403753761079e-16,2.5042695959249e-20,2.0141701488976e-15,1.53532854057624e-19
-96.75,47.25,"lat47.25lon-96.75",6.42233255484499e-05,7.33519405153084e-09,5.26120154835801e-05,9.35515383995218e-09,3.38377182779152e-16,2.3009671004956e-20,2.63513838879591e-15,1.54645042584962e-19
-93.75,47.25,"lat47.25lon-93.75",5.14206164092783e-05,6.68425593341981e-09,4.54353092069251e-05,7.69858259741766e-09,4.04482869027748e-16,7.01285176564186e-21,2.90636778108114e-15,6.26331244897202e-20
-83.25,47.25,"lat47.25lon-83.25",4.11974989390754e-05,2.93485599606441e-09,3.84887307105959e-05,2.69517913496172e-09,5.02487161235431e-16,3.02467224593435e-20,1.84581213303217e-15,1.9351511273927e-19
-81.75,47.25,"lat47.25lon-81.75",4.0895085403494e-05,2.78365425374006e-09,3.88336888923672e-05,2.60386289842395e-09,4.14790281471439e-16,2.38342675540876e-20,1.79683640652127e-15,1.41926972482176e-19
-80.25,47.25,"lat47.25lon-80.25",4.15144457785189e-05,2.64936495017657e-09,3.97633274321207e-05,2.48289898716403e-09,4.28439603953339e-16,1.98021889802537e-20,2.22392963064321e-15,1.13560387068867e-19
-78.75,47.25,"lat47.25lon-78.75",4.12358253394003e-05,2.47681211150089e-09,3.93617303825925e-05,2.5391541957159e-09,4.0370466777878e-16,8.86275967745448e-21,2.26663788986021e-15,8.22965203669183e-20
-75.75,47.25,"lat47.25lon-75.75",3.68930370601014e-05,2.9604817936927e-09,3.59600296346129e-05,3.13991503230685e-09,5.29432013245151e-16,7.16825860602843e-21,2.49849565206826e-15,2.46633055188648e-19
-74.25,47.25,"lat47.25lon-74.25",3.52051728704956e-05,3.275284879224e-09,3.45039312844299e-05,3.50556726924192e-09,5.90871545849229e-16,4.66394265294007e-21,2.54274268778845e-15,2.9519976533527e-19
-72.75,47.25,"lat47.25lon-72.75",3.38660382466798e-05,3.46497538535763e-09,3.35446969054473e-05,3.85629859086613e-09,5.87312843318313e-16,1.28588540218057e-20,2.49547426284168e-15,3.47835998320259e-19
-71.25,47.25,"lat47.25lon-71.25",3.28162178291334e-05,3.28028991100535e-09,3.39433913902028e-05,4.16552623551742e-09,6.53062837271484e-16,1.37852147557526e-20,2.81265911522074e-15,3.11305534238422e-19
-68.25,47.25,"lat47.25lon-68.25",2.97037359736268e-05,2.82864809089966e-09,3.74399603231583e-05,5.47161524112311e-09,8.0303128378451e-16,7.37562083671012e-20,2.82008288801034e-15,1.5617523834723e-19
-66.75,47.25,"lat47.25lon-66.75",2.8489293010425e-05,2.8012854237453e-09,3.93037406056497e-05,5.96197504151973e-09,7.06885928036789e-16,6.5184943197884e-20,2.77961750600506e-15,2.04459077700675e-19
-65.25,47.25,"lat47.25lon-65.25",NA,NA,NA,NA,NA,NA,NA,NA
-98.25,48.75,"lat48.75lon-98.25",7.0150597876952e-05,9.25793594426902e-09,5.31952388986904e-05,1.09881705438369e-08,3.02015639764356e-16,3.48306368544414e-20,2.32302194082322e-15,1.49896758330545e-19
-96.75,48.75,"lat48.75lon-96.75",6.13166209825685e-05,8.04174138742379e-09,4.51558310071564e-05,8.87500915853902e-09,3.06359762442218e-16,2.43113978270412e-20,2.35669471313599e-15,1.55728177046694e-19
-95.25,48.75,"lat48.75lon-95.25",NA,NA,NA,NA,NA,NA,NA,NA
-93.75,48.75,"lat48.75lon-93.75",5.38781762193782e-05,7.03370850744547e-09,4.69154835280352e-05,8.24935742607036e-09,3.56482585055738e-16,3.63389124200523e-20,2.72997141748392e-15,2.67517024212842e-19
-90.75,48.75,"lat48.75lon-90.75",4.77329883285611e-05,6.75315235702532e-09,4.48261827587729e-05,5.28439544593823e-09,4.08540347109313e-16,6.0066706886464e-20,2.72559871125938e-15,5.94110904236223e-19
-89.25,48.75,"lat48.75lon-89.25",4.7538167351713e-05,7.1696306770099e-09,4.4742273174305e-05,5.57996234398174e-09,4.22851492494235e-16,5.57842140025283e-20,2.652874397066e-15,4.3774772856506e-19
-83.25,48.75,"lat48.75lon-83.25",4.66659247800117e-05,4.76318250592387e-09,5.079702333355e-05,2.5283137710604e-09,4.41515542835806e-16,2.38230073987744e-20,2.00081393599282e-15,1.86260395351073e-19
-81.75,48.75,"lat48.75lon-81.75",4.61163798380694e-05,4.24502165956622e-09,5.16434191663553e-05,2.23287945016226e-09,4.20857266464413e-16,1.87710185040187e-20,2.13241558636753e-15,1.76391700629202e-19
-80.25,48.75,"lat48.75lon-80.25",4.6071717368568e-05,3.76707053353783e-09,5.34776066208393e-05,1.97950552184881e-09,4.25163461888412e-16,1.91820911964446e-20,2.57196649143109e-15,1.71739268819309e-19
-78.75,48.75,"lat48.75lon-78.75",4.5752061556762e-05,3.3027990663375e-09,5.53338970564678e-05,1.99322803600178e-09,4.63297548438072e-16,1.55498213359498e-20,3.12510823077788e-15,1.55789570391567e-19
-75.75,48.75,"lat48.75lon-75.75",4.07617260448212e-05,3.51814641537235e-09,4.90338873863365e-05,2.21130636358385e-09,4.23675669516715e-16,3.90119925065243e-20,2.79255487324914e-15,2.30025590661252e-19
-74.25,48.75,"lat48.75lon-74.25",3.85932209913986e-05,3.9301625453065e-09,4.47833577190731e-05,2.76113364708883e-09,3.89594982808233e-16,4.93955401948861e-20,2.42135644467752e-15,3.49466415398019e-19
-72.75,48.75,"lat48.75lon-72.75",3.67739451534563e-05,3.96055040450247e-09,4.21347440882959e-05,3.37718179844712e-09,4.52778965918207e-16,5.3189855371395e-20,2.71452773244646e-15,4.02065617986055e-19
-71.25,48.75,"lat48.75lon-71.25",3.51525693226101e-05,3.78970224566391e-09,4.08213691431947e-05,3.84938051789415e-09,5.94419477720007e-16,4.69254131228059e-20,3.37572611572313e-15,3.89504687337125e-19
-66.75,48.75,"lat48.75lon-66.75",NA,NA,NA,NA,NA,NA,NA,NA
-65.25,48.75,"lat48.75lon-65.25",NA,NA,NA,NA,NA,NA,NA,NA
-98.25,35.25,"lat35.25lon-98.25",3.3646840380569e-05,3.60310633397241e-10,7.53049650931388e-05,2.39119821839594e-09,7.6468225896624e-16,4.51774387619028e-20,2.99537589495511e-15,1.33547826174364e-19
-96.75,35.25,"lat35.25lon-96.75",3.11104781923907e-05,1.03221596045955e-09,7.47822244345656e-05,3.07420996028156e-09,1.20310274362422e-15,7.70218153261451e-20,3.29316469301031e-15,1.06334502221252e-19
-95.25,35.25,"lat35.25lon-95.25",2.71297182377637e-05,3.18173523657637e-10,6.18601784340509e-05,3.06100275921377e-09,1.5535323845733e-15,1.1861189252751e-19,3.83178657224533e-15,1.17021408957054e-19
-93.75,35.25,"lat35.25lon-93.75",2.39761547066391e-05,7.8585912641211e-10,4.29517305048906e-05,4.16460409413289e-09,1.71880789883951e-15,1.17459257962566e-19,3.20777769213728e-15,1.04946497147441e-19
-90.75,35.25,"lat35.25lon-90.75",2.15477027550226e-05,2.18217751382502e-09,2.63929128365933e-05,5.98984463196246e-09,1.88074576474388e-15,2.10925691398888e-19,2.81996695216131e-15,5.51197498882252e-20
-89.25,35.25,"lat35.25lon-89.25",2.14790424548208e-05,3.08292562142832e-09,2.16010518288405e-05,5.99927181348698e-09,2.07330362417125e-15,1.79741499835764e-19,3.59411670569974e-15,8.41726836468147e-20
-87.75,35.25,"lat35.25lon-87.75",2.10508942619422e-05,3.34196482183482e-09,1.84403954105701e-05,5.3788010791259e-09,1.96922307161026e-15,1.60829974109955e-19,3.50180322431004e-15,1.58269123414024e-19
-86.25,35.25,"lat35.25lon-86.25",2.13347142583362e-05,3.64425830780458e-09,1.62627112190342e-05,5.26828725069766e-09,1.93146217083869e-15,1.2151275287137e-19,3.60965709450413e-15,2.67956094541559e-19
-83.25,35.25,"lat35.25lon-83.25",2.11695030060439e-05,4.02701010744153e-09,1.27574019979271e-05,4.62940754529274e-09,9.69423192874941e-16,5.51516126482536e-20,1.96971227548902e-15,1.59619299919204e-19
-81.75,35.25,"lat35.25lon-81.75",2.10644978977532e-05,4.32470731719716e-09,1.29461688602622e-05,4.62043856337719e-09,1.36294391954385e-15,1.11152968866708e-19,3.03749929288459e-15,1.66161890738328e-19
-80.25,35.25,"lat35.25lon-80.25",2.14642862917639e-05,4.62887029835795e-09,1.29512172388773e-05,4.86547769227909e-09,1.20844239520218e-15,9.09022761727801e-20,3.15083775359749e-15,1.13114435781216e-19
-78.75,35.25,"lat35.25lon-78.75",2.16698162719077e-05,3.97169196960222e-09,1.31514412641278e-05,4.21223043726406e-09,1.25623995508463e-15,9.1447557589128e-20,3.73232269559496e-15,9.33798547093224e-20
-99.75,36.75,"lat36.75lon-99.75",3.83284564529602e-05,4.06984774934205e-10,8.03117367153789e-05,3.40545767897921e-09,3.9191886673352e-16,2.34424042486588e-20,2.17423233383307e-15,1.0378861905453e-19
-92.25,36.75,"lat36.75lon-92.25",2.58359030745743e-05,8.40875499736316e-10,3.54620085758934e-05,3.48479071383596e-09,1.22725371825123e-15,4.69905775714002e-20,3.16215963222509e-15,2.18473642136329e-19
-84.75,36.75,"lat36.75lon-84.75",2.37150316958728e-05,3.31695110878684e-09,1.69509959471349e-05,3.60344348107096e-09,1.04345314291583e-15,9.15549772840497e-20,2.44584701462214e-15,1.13255715109471e-19
-77.25,36.75,"lat36.75lon-77.25",2.27297852677053e-05,3.63497907379618e-09,1.36772127628772e-05,3.81095117416926e-09,1.16818977401838e-15,6.33012841435235e-20,3.33964743708153e-15,1.1719802880962e-19
-99.75,38.25,"lat38.25lon-99.75",4.03160196838991e-05,2.20205380148842e-09,7.15751428734844e-05,9.41707576561594e-09,3.52238350936605e-16,7.89061635657949e-20,2.1711641948736e-15,2.97516583497571e-19
-92.25,38.25,"lat38.25lon-92.25",3.29092031687664e-05,9.0870009999687e-10,4.69540617599153e-05,4.31859842909962e-09,1.04142480957827e-15,4.39176851332175e-20,3.85483093519686e-15,2.52261011372035e-19
-84.75,38.25,"lat38.25lon-84.75",2.58361211891844e-05,1.42943486312541e-09,2.29576663722501e-05,2.59466939164467e-09,8.3473400458019e-16,1.06091944640066e-19,2.36469534388708e-15,1.35291757510579e-19
-77.25,38.25,"lat38.25lon-77.25",2.44558040192249e-05,2.52187029395714e-09,1.69771289432949e-05,2.8037058580061e-09,1.08053722424413e-15,6.97222575896975e-20,3.07607443516249e-15,2.59607560190369e-19
-99.75,39.75,"lat39.75lon-99.75",4.14405294606635e-05,2.38992522247014e-09,6.33166847641518e-05,1.0436399580492e-08,4.14051965824058e-16,1.18116727121677e-19,2.31114709842182e-15,4.32453430769321e-19
-92.25,39.75,"lat39.75lon-92.25",3.84281320050857e-05,8.4460926312163e-10,5.22181428492068e-05,4.36300955181295e-09,9.7143115551116e-16,6.91607436817862e-20,4.32632601757803e-15,4.48904069529449e-19
-84.75,39.75,"lat39.75lon-84.75",2.8557332325422e-05,5.09589038685017e-10,2.70738524113389e-05,3.4160106438978e-09,6.46846774894861e-16,7.95472435387637e-20,2.39104356612489e-15,1.9634669681756e-19
-77.25,39.75,"lat39.75lon-77.25",2.53782203944063e-05,2.09292251145413e-09,1.79478837689582e-05,2.68896019862995e-09,1.03352906351277e-15,9.03485493819099e-20,3.95916150638007e-15,2.74802204381423e-19
-99.75,41.25,"lat41.25lon-99.75",4.73246669945608e-05,3.26484479107131e-09,5.7111423982474e-05,1.00547078712294e-08,3.70089539576471e-16,1.05602939088082e-19,2.03541998938846e-15,5.62379998764857e-19
-92.25,41.25,"lat41.25lon-92.25",4.57290306181066e-05,1.62234038215964e-09,4.82902367676257e-05,5.33106772642591e-09,7.01598391587867e-16,1.4077779622946e-19,4.47784661247619e-15,7.84220096947856e-19
-84.75,41.25,"lat41.25lon-84.75",3.41429208991031e-05,7.73779644657599e-10,2.90342188538187e-05,1.91001762751623e-09,6.01594180349392e-16,6.1592157290422e-20,2.36524387166033e-15,1.79400070783656e-19
-77.25,41.25,"lat41.25lon-77.25",2.98965010567678e-05,1.83870872336425e-09,2.04987516679128e-05,2.78016207215954e-09,5.72304740046302e-16,2.18243479060189e-20,2.54022245570683e-15,8.52808338110177e-20
-98.25,42.75,"lat42.75lon-98.25",5.42394626235997e-05,2.73048251122725e-09,5.77123415524544e-05,6.02334765934008e-09,3.27329260125169e-16,7.22945321033007e-20,1.85820375514834e-15,3.23766281427926e-19
-96.75,42.75,"lat42.75lon-96.75",5.63194329125811e-05,3.07710573906599e-09,5.94346677207926e-05,7.16080821947925e-09,4.06124241173097e-16,1.0550503188839e-19,2.55545136328786e-15,4.49708510814742e-19
-95.25,42.75,"lat42.75lon-95.25",5.62422232035833e-05,3.59842009469633e-09,5.78688750479381e-05,7.31569969783586e-09,4.8373735825233e-16,1.08412334207454e-19,3.24313613909182e-15,4.94631090081702e-19
-93.75,42.75,"lat42.75lon-93.75",5.43639853662697e-05,2.98650943415095e-09,5.57872074107391e-05,6.02552779285377e-09,6.23701011756783e-16,1.06914156373528e-19,4.07014068911425e-15,6.39466780224768e-19
-90.75,42.75,"lat42.75lon-90.75",4.62190730572024e-05,2.93685780316029e-09,4.60736134051687e-05,8.85983458505928e-09,5.7567281192426e-16,1.06971589457151e-19,3.87429382349739e-15,5.78423822987301e-19
-89.25,42.75,"lat42.75lon-89.25",4.70523742511858e-05,1.69483326638907e-09,4.52033636641937e-05,4.568289115793e-09,5.55283185756363e-16,8.79004409251173e-20,3.46538163962017e-15,5.71119558876976e-19
-87.75,42.75,"lat42.75lon-87.75",NA,NA,NA,NA,NA,NA,NA,NA
-86.25,42.75,"lat42.75lon-86.25",4.36490562071667e-05,1.3015583222481e-09,2.96002005509007e-05,2.55433474105344e-09,6.51025202831135e-16,4.01366335722296e-20,2.67766544059103e-15,2.14317915501027e-19
-83.25,42.75,"lat42.75lon-83.25",3.71917966326163e-05,1.0461639627014e-09,2.78123496889551e-05,1.75865490208716e-09,5.28549107204011e-16,2.77393678480194e-20,1.76399528763307e-15,5.1281382299608e-20
-78.75,42.75,"lat42.75lon-78.75",3.46176742577446e-05,1.76949689977264e-09,2.3306004235014e-05,2.20338497146248e-09,5.00372886935541e-16,1.98281476087929e-20,1.76051433791258e-15,4.83081786738974e-20
-75.75,42.75,"lat42.75lon-75.75",3.13058286586666e-05,1.9388792299657e-09,2.12376917759826e-05,3.04144195415251e-09,7.96317071339034e-16,1.45535260134338e-20,2.80142955812896e-15,1.07355049484913e-19
-74.25,42.75,"lat42.75lon-74.25",3.05267908942115e-05,1.87313072129515e-09,2.04602214895075e-05,2.63370119240321e-09,7.35515759721318e-16,4.73454274125032e-20,3.01246983059517e-15,1.91564840097483e-19
-72.75,42.75,"lat42.75lon-72.75",2.86161596607366e-05,2.38443350452766e-09,2.01027932877104e-05,2.85661500045605e-09,9.34565309976465e-16,7.73248855833784e-20,3.21619975074894e-15,2.6966238849625e-19
-71.25,42.75,"lat42.75lon-71.25",2.6787149504759e-05,2.54720851414102e-09,2.01200610984324e-05,3.77009825142923e-09,1.24099472872282e-15,8.85200809306749e-20,3.27240203217628e-15,1.95789463181256e-19
-99.75,44.25,"lat44.25lon-99.75",5.96256508173028e-05,4.41827390486954e-09,5.40165990072343e-05,6.21012550852125e-09,2.34741604743092e-16,3.59938682418962e-20,1.47259090149756e-15,1.73405493544295e-19
-92.25,44.25,"lat44.25lon-92.25",4.88067559206491e-05,4.42285734724365e-09,4.36728221449371e-05,4.8969580688446e-09,5.76227605743375e-16,5.24061944969428e-20,3.9893531535915e-15,1.74815595854239e-19
-84.75,44.25,"lat44.25lon-84.75",4.27667881302628e-05,1.8784739054587e-09,3.0619284112113e-05,2.62851912967267e-09,3.69873404464056e-16,1.87722356258821e-20,2.06890715883715e-15,1.14543778682393e-19
-99.75,45.75,"lat45.75lon-99.75",6.90161799418865e-05,6.8943916234996e-09,5.88661612617938e-05,9.49256346420808e-09,2.72985949442799e-16,2.95995975555152e-20,1.54631325231789e-15,1.23694988906723e-19
-92.25,45.75,"lat45.75lon-92.25",4.53864078385165e-05,4.70969617938774e-09,3.59751664741772e-05,5.04169268784581e-09,4.55154475616737e-16,2.61133141058301e-20,3.42729780140127e-15,1.73087309729357e-19
-77.25,45.75,"lat45.75lon-77.25",3.67095604411257e-05,2.54063310729542e-09,3.25004759595822e-05,3.52472833684195e-09,4.682973120507e-16,5.35336706448871e-21,2.0034110869851e-15,2.86764361294653e-19
-69.75,45.75,"lat45.75lon-69.75",2.9974542229431e-05,2.68303263491649e-09,3.31804104048365e-05,4.84149166662376e-09,6.68222632258037e-16,7.86919857247245e-20,2.91617053268913e-15,2.11057559576798e-19
-99.75,47.25,"lat47.25lon-99.75",6.90447386411101e-05,7.81095660345027e-09,5.68346881139051e-05,1.03771539297135e-08,2.98892899237718e-16,3.81179698496359e-20,2.29890505624187e-15,2.34328854480819e-19
-92.25,47.25,"lat47.25lon-92.25",4.60090798681272e-05,5.50238700676889e-09,3.72822221431592e-05,4.87442960651576e-09,4.04679539284282e-16,3.38069190715478e-20,3.35374128490679e-15,2.31396478674084e-19
-77.25,47.25,"lat47.25lon-77.25",NA,NA,NA,NA,NA,NA,NA,NA
-69.75,47.25,"lat47.25lon-69.75",NA,NA,NA,NA,NA,NA,NA,NA
-99.75,48.75,"lat48.75lon-99.75",NA,NA,NA,NA,NA,NA,NA,NA
-92.25,48.75,"lat48.75lon-92.25",NA,NA,NA,NA,NA,NA,NA,NA
-84.75,48.75,"lat48.75lon-84.75",NA,NA,NA,NA,NA,NA,NA,NA
-77.25,48.75,"lat48.75lon-77.25",NA,NA,NA,NA,NA,NA,NA,NA
-69.75,48.75,"lat48.75lon-69.75",NA,NA,NA,NA,NA,NA,NA,NA
-91.25,43.75,"lat43.75lon-91.25",4.8120643083508e-05,4.00062560070429e-09,4.56176257434094e-05,6.2145720330647e-09,6.22158981912495e-16,8.13791520442213e-20,3.96868861924717e-15,3.44899451962124e-19
-75.25,43.75,"lat43.75lon-75.25",3.32297058217116e-05,1.85242830173294e-09,2.35637995123304e-05,2.98483327087659e-09,6.42107650013212e-16,8.84925312053979e-21,2.3781424535897e-15,1.11431150521378e-19
-93.25,44.75,"lat44.75lon-93.25",5.0792452375496e-05,6.7831948810458e-09,4.52887021894206e-05,8.2733086731694e-09,4.39049756201471e-16,3.34527681325184e-20,3.33431912205357e-15,1.83367569684775e-19
-88.25,44.75,"lat44.75lon-88.25",4.29332965199346e-05,3.24344981808205e-09,3.3681188548673e-05,3.83676313194724e-09,4.85335600788536e-16,5.03981380007254e-20,2.66715394144744e-15,4.31661980791477e-20
-88.25,46.75,"lat46.75lon-88.25",4.55888498434385e-05,3.94021873348294e-09,3.28608764017849e-05,3.94321096012663e-09,4.72115892341859e-16,5.55081276301075e-20,2.49535893960811e-15,1.60497023715164e-19
-69.25,46.75,"lat46.75lon-69.25",3.11400545414451e-05,3.17659193626751e-09,3.58125680209593e-05,5.29461926341458e-09,7.04554643932869e-16,6.47524421976841e-20,2.65437687542519e-15,1.01220437120721e-19
-72.25,43.75,"lat43.75lon-72.25",2.87858723630099e-05,2.40165561537953e-09,2.17647015465765e-05,3.40372580895722e-09,1.40145214737827e-15,6.18088164077114e-20,5.93511184003098e-15,5.36965534653981e-20
-95.75,46.25,"lat46.25lon-95.75",5.698236829151e-05,6.4248553683648e-09,4.91563652834834e-05,6.35080309543551e-09,4.22814113160469e-16,2.14985745103714e-20,3.24778416494769e-15,2.77635284142431e-19
-92.75,38.75,"lat38.75lon-92.75",3.36922808402357e-05,1.46631177383996e-09,5.07084267120062e-05,6.33851976595157e-09,9.99510883246198e-16,6.50110535331008e-20,3.94358114519836e-15,3.83586477113414e-19
-88.75,38.75,"lat38.75lon-88.75",3.33531469653117e-05,6.65825854643672e-10,4.2309469641715e-05,4.14994356730672e-09,9.78035311854878e-16,6.96350597848948e-20,3.42085787433663e-15,1.60718294832676e-19
-88.25,42.25,"lat42.25lon-88.25",4.37008133340959e-05,1.24521698804568e-09,2.62079646356642e-05,2.03825417774574e-09,6.30681342251509e-16,6.6319110948737e-20,3.76900209238885e-15,4.69619832783925e-19
-73.75,43.75,"lat43.75lon-73.75",3.20517284384075e-05,1.71748172827411e-09,2.25278921965085e-05,3.03528690483299e-09,5.67808562177383e-16,1.65045421616657e-20,2.75216463637454e-15,8.1474988495281e-20
-91.25,45.25,"lat45.25lon-91.25",4.72372009632257e-05,4.57098302066715e-09,4.20633387893293e-05,5.37446585819485e-09,5.16423784647883e-16,3.29031817772974e-20,3.51939479620507e-15,1.0725728370811e-19
